title,company,location,link
REMOTE - Python Developer [3-Month Contract] (Retro Studios),Nintendo of America Inc.,"Remote in Austin, TX",https://www.indeed.com/viewjob?jk=664cff04209780f8
Software Development (All Levels),Insurity,Remote,https://www.indeed.com/viewjob?jk=676599852a737304
Research Assistant-(Machado),North Carolina State University,"Raleigh, NC+3 locations",https://www.indeed.com/viewjob?jk=8d159411e05c253d
Cloud Support Associate,"Amazon Web Services, Inc.",+1 locationRemote,https://www.indeed.com/viewjob?jk=2105d8a5281696df
Data Analyst,Hulu,"Santa Monica, CA",https://www.indeed.com/viewjob?jk=38d685cb5059bbd5
"Junior Technical Support, Python (Europe, Remote)",INTEL 471,Remote,https://www.indeed.com/viewjob?jk=3c71c4a62fdf588c
Fraud Data Analyst,"Zoom Video Communications, Inc.","Remote in San Francisco Bay Area, CA",https://www.indeed.com/viewjob?jk=16153b0e464a4c41
Desktop Support Engineer,Atomic,Remote,https://www.indeed.com/viewjob?jk=577d59c3ff120c26
Full Stack Developer Entry Level,Eduplanet21,+1 locationRemote,https://www.indeed.com/viewjob?jk=d109848d11ce34ec
Customer Support Specialist Tier 2 (remote),Insightly,Remote,https://www.indeed.com/viewjob?jk=382bd71258c32e11
"Data Scientist, Spotify Advertising",Spotify,Remote in Oregon+10 locations,https://www.indeed.com/viewjob?jk=cf1dfad66649138a
STEPS Research Scientist Assistant,University of Kentucky,"Lexington, KY",https://www.indeed.com/viewjob?jk=2c3e33f6ec2e3018
Junior Quantitative Trader,Valkyrie Trading,"Chicago, IL 60605 (The Loop area)",https://www.indeed.com/viewjob?jk=e69bf11e9062987d
Product Data Analyst,Underdog Fantasy,Remote,https://www.indeed.com/viewjob?jk=e97a2c4fb8e4e05f
Data Analyst (Remote),pulseData,"Remote in New York, NY",https://www.indeed.com/viewjob?jk=f16fee4d087b8c95
Software Engineer - Channel Moderation,"Twitch Interactive, Inc.","San Francisco, CA+126 locations",https://www.indeed.com/viewjob?jk=6b690ee47c07d972
"Research Staff Member - Quantum Devices (Yorktown Heights, N...",IBM,"Yorktown Heights, NY+3 locations",https://www.indeed.com/viewjob?jk=e51d6a0646556777
Systems Development Engineer,Google,"Thornton, CO+7 locations",https://www.indeed.com/viewjob?jk=8d080a7044f37ae8
Software Engineering Apprenticeship,Bonterra,"Remote in Somerville, MA 02144+3 locations",https://www.indeed.com/viewjob?jk=f6b87504fcd37c88
Python Developer/Engineer,Unizin,+1 locationRemote,https://www.indeed.com/viewjob?jk=e5f2fd4bd2f9101f
Software Developer,Frogslayer,"Remote in Austin, TX",https://www.indeed.com/viewjob?jk=aed1a59d4f59f452
Django Developer (US - Technical Support),Nordhealth,"Remote in Independence, KS 67301",https://www.indeed.com/viewjob?jk=be00e50583244ea8
Software Engineer,Edmunds.com,"Santa Monica, CA 90404 (Mid-City area)+1 location",https://www.indeed.com/viewjob?jk=3f7cf94e203b2eea
Embedded Software Engineer - Remote,John Deere,"Remote in Urbandale, IA 50322+8 locations",https://www.indeed.com/viewjob?jk=559ba3774c24a3ba
"CO-OP, DATA SCIENCE",PUMA,"Somerville, MA",https://www.indeed.com/viewjob?jk=16330f4d1e351799
Software Development Engineer,Adobe,"New York, NY+11 locations",https://www.indeed.com/viewjob?jk=fe303a18645b7e3f
Entry Level Python Software Development Engineer,Reynolds and Reynolds,"College Station, TX 77840",https://www.indeed.com/viewjob?jk=7d4c7f8a5b9df9f7
"Data Engineer (Open to remote work, except the following loc...",Converse,"Remote in Boston, MA 02116",https://www.indeed.com/viewjob?jk=f59aef6085566bb4
Python Tools and Automation Engineer,Apple,"Cupertino, CA+35 locations",https://www.indeed.com/viewjob?jk=42aed40d2a410aa3
Data Scientist Associate (REMOTE),TransUnion,"Remote in White Plains, NY+5 locations",https://www.indeed.com/viewjob?jk=3bb6c4408b5cc499
Data Analyst 2 (Remote),Nordstrom Inc,"Remote in Seattle, WA+9 locations",https://www.indeed.com/viewjob?jk=55292d7b0a49fd45
Software Engineer III,JB Hunt,+15 locationsRemote,https://www.indeed.com/viewjob?jk=c6449690792158a5
Python Developer (Remote),Ericsson,"Remote in Basking Ridge, NJ",https://www.indeed.com/viewjob?jk=2398e0802767205d
Application Support Engineer (REMOTE),Everi Games Inc,"Remote in Las Vegas, NV",https://www.indeed.com/viewjob?jk=1053384ccb7ecc48
"Analyst, People (HR) Analytics",Saks Fifth Avenue,"Remote in New York, NY",https://www.indeed.com/viewjob?jk=ae295036dd1ae143
Software Engineer (Node/Python) - 100% Remote,Pluralsight,Remote in Utah+3 locations,https://www.indeed.com/viewjob?jk=7db372762eaf0cf8
Front-End Developer-REMOTE,John Deere,"Remote in Urbandale, IA 50322",https://www.indeed.com/viewjob?jk=a1180d6b980e554f
Entry level Software Developer,RTI International,"Remote in Durham, NC 27709",https://www.indeed.com/viewjob?jk=d8d744fb459b684a
Software Engineer,KickUp,Remote,https://www.indeed.com/viewjob?jk=70eb03e29068b706
Product Owner (Java and Python) - 4293393,Accenture,"Charlotte, NC 28244 (Downtown Charlotte area)+1 location",https://www.indeed.com/viewjob?jk=2715fbe7051b8bd6
Jr. Software Developer,Samsung Electronics,"Newberry, SC 29108",https://www.indeed.com/viewjob?jk=b1fc559f4ea5b235
Data Analyst,"MERITIZE FINANCIAL, INC.",Remote in United States,https://www.indeed.com/viewjob?jk=9b1c94293c6b4839
Remote Python Developer,Piper Companies,+5 locationsRemote,https://www.indeed.com/viewjob?jk=7f777f314b42f154
Data Scientist (All Levels),Convoy,"Seattle, WA 98101 (Downtown area)+1 location",https://www.indeed.com/viewjob?jk=52bb8584e674071e
Post-Baccalaureate Fellow DASIL,Grinnell College,"Grinnell, IA 50112",https://www.indeed.com/viewjob?jk=6ba138e507a18a25
Frontend Developer,GRANDMETRIC,"Remote in Lewes, DE 19958",https://www.indeed.com/viewjob?jk=54ef719bf85bfcce
Part-Time Student-Product Engineering-Remote,John Deere,"Remote in Urbandale, IA 50322+4 locations",https://www.indeed.com/viewjob?jk=0e88e7bac7b0acb9
Django / Python Developer,Apexon,"Temporarily Remote in Chicago, IL 60601+3 locations",https://www.indeed.com/viewjob?jk=2b8ceb80b0045f7d
Entry Level Software Developer,Grant Street Group,Remote,https://www.indeed.com/viewjob?jk=8dab312898a86174
Associate Software Engineer,Disney Streaming,"New York, NY+11 locations",https://www.indeed.com/viewjob?jk=76f0197e3dea1e61
Systems Administrator,University of Nebraska,"Lincoln, NE",https://www.indeed.com/viewjob?jk=e00fa790b0cbe568
Full Stack Engineer (I),Frequence,Remote,https://www.indeed.com/viewjob?jk=53a099caf95c24b1
Software Engineer (Contractor),Community Tech Alliance,+1 locationRemote,https://www.indeed.com/viewjob?jk=3d757c3c90afd52c
Business Intelligence Analyst,ARORA,Remote,https://www.indeed.com/viewjob?jk=0adbf00d83674d8e
Python Developer,Financial Information Technologies LLC,"Tampa, FL 33607 (Carver City area)",https://www.indeed.com/viewjob?jk=c2292fb69ea23bf3
Customer Technical Support Representative - Part Time,Wiley,"Remote in New York, NY",https://www.indeed.com/viewjob?jk=fc3f6940be200b78
Software Performance Engineer- Python,Charles Schwab,"Westlake, TX+4 locations",https://www.indeed.com/viewjob?jk=0fad2bf8a5a29632
Software Engineer,Berkley,"Urbandale, IA 50322+3 locations",https://www.indeed.com/viewjob?jk=3853c9b618f35e34
Senior Python Developer,Start Studio,"Provo, UT",https://www.indeed.com/viewjob?jk=c8bae162d3935fd9
Software Development Engineer II,Amazon.com Services LLC,+126 locationsRemote,https://www.indeed.com/viewjob?jk=6b88d34f87796045
Software Engineer - Apprentice,wepay,"Remote in Palo Alto, CA+2 locations",https://www.indeed.com/viewjob?jk=4d532361313682c1
Junior .Net Developer,NCube,Remote,https://www.indeed.com/viewjob?jk=27a04a88174dcd5f
Python Backend Software Engineer,Beautylish Inc.,Remote,https://www.indeed.com/viewjob?jk=a93dea95ca20e385
Data Scientist,Toyota,"Remote in Saline, MI 48176+3 locations",https://www.indeed.com/viewjob?jk=1294b52a85a915da
Business Data Analyst - 4287352,Accenture,"Walnut Creek, CA+36 locations",https://www.indeed.com/viewjob?jk=49911733ed00ba0e
"Backend Engineer, Python/Django (Relocation Available)",Financial Technology Partners,"San Francisco, CA",https://www.indeed.com/viewjob?jk=e00f158c0b39af7c
"Senior Python Engineer (Europe, Remote)",INTEL 471,+1 locationRemote,https://www.indeed.com/viewjob?jk=dbe4106a2ab08084
Data Analyst,Sony Music Publishing (US) LLC,"New York, NY",https://www.indeed.com/viewjob?jk=6fdecd448dbe0536
Junior Software Engineer,Hearst Media Services,"New York, NY 10019 (Midtown area)",https://www.indeed.com/viewjob?jk=2a8ec200390c9cf9
Python Engineer,Highbrow-Tech,Remote,https://www.indeed.com/viewjob?jk=12819d5a7de4ab4d
Customer Support Specialist,dbt Labs,Remote in United States,https://www.indeed.com/viewjob?jk=95b23e6b43ac153b
"Business Analyst, Creator Business Analysis",Spotify,"Remote in New York, NY+1 location",https://www.indeed.com/viewjob?jk=4c98565cdb8e52c4
AMM Quantitative Researcher,Morgan Stanley,"New York, NY+2 locations",https://www.indeed.com/viewjob?jk=357a5154ba94612e
Python Developer,University of Texas at Austin,"Austin, TX 78712 (University of Texas area)+2 locations",https://www.indeed.com/viewjob?jk=4377f8a569003e82
iOS TECH LEAD,InspiHER Tech,Remote,https://www.indeed.com/viewjob?jk=99c30cc0ac7d6b8f
48th NSBE National Convention - APPLICATION DROP,Electronic Arts,"Redwood City, CA 94065 (Dolphin area)",https://www.indeed.com/viewjob?jk=0ed54ccd28405317
Automation with Python,Cognizant Technology Solutions,"New York, NY 10001 (Chelsea area)",https://www.indeed.com/viewjob?jk=16099279315afd99
Python Engineer,Federal Reserve Bank of Kansas City,"Kansas City, MO 64108 (Crown Center area)+1 location",https://www.indeed.com/viewjob?jk=7f5f7f80190a4fef
Python Developer,Moove-it,Remote,https://www.indeed.com/viewjob?jk=30d2deae65d78d38
Associate Trader - Biofuel Credits,StoneX Group Inc. US,"Boca Raton, FL",https://www.indeed.com/viewjob?jk=027bfa95617ae03d
Automated Test Engineer,InterImage,"Fort Meade, MD",https://www.indeed.com/viewjob?jk=059b1ba9817a1266
Google Scripts Javascript Developer,Madison School & Community Recreation,"Remote in Madison, WI 53705",https://www.indeed.com/viewjob?jk=42a4184bbc8b39a1
Software Engineer - Backend/Python (100% Remote),Close.com,Remote,https://www.indeed.com/viewjob?jk=c52ab7b9e386624e
Jr Python Developer,Moody's Investors Service,"Charlotte, NC",https://www.indeed.com/viewjob?jk=37a6cc88bf1ce430
Data Analyst,Amerit Fleet Solutions,+1 locationHybrid remote,https://www.indeed.com/viewjob?jk=e54bb56bf369fc9a
python developer,Denken Solutions Inc,"Dallas, TX+2 locations",https://www.indeed.com/viewjob?jk=511cc3bb28c1a664
Software Engineer,Microsoft,"Redmond, WA 98052 (Overlake area)+31 locations",https://www.indeed.com/viewjob?jk=0db0add9277325e0
Ground Software â€” Associate Engineer (Summer/Fall 2022),Astranis,"San Francisco, CA+5 locations",https://www.indeed.com/viewjob?jk=2c9dfb88724c0d1b
Basketball Data Analyst,Miami Heat Limited Partnership,"Miami, FL 33132 (Downtown area)",https://www.indeed.com/viewjob?jk=3549325bff4df36f
Equity Trader,Pacific Investment Management Company LLC,"New York, NY",https://www.indeed.com/viewjob?jk=448aaeaae12a93ee
Software Test Engineer (entry-level),Real-Time Technology Solutions,"Remote in New York, NY",https://www.indeed.com/viewjob?jk=f865166dcdfb5516
Instructor (Coding experience required),Coding with Kids,Remote in United States,https://www.indeed.com/viewjob?jk=929778e6fdbf7d54
Python Developer,Swan Software Solutions,"Carmel, IN",https://www.indeed.com/viewjob?jk=32eaa9e1e80e8c5d
Quantitative Researcher / Modeler,Moody's Investors Service,"New York, NY",https://www.indeed.com/viewjob?jk=ebd5c39bac42103c
Integration Engineer,Apple,"Boulder, CO 80301+9 locations",https://www.indeed.com/viewjob?jk=93c3d53117d7d8e5
Senior Python Developer & Tech Lead,Six Feet Up Inc.,"Fishers, IN",https://www.indeed.com/viewjob?jk=327b0e6944f49c3a
Engineer II - Networking,Live Nation,+1 locationRemote,https://www.indeed.com/viewjob?jk=774f2c98913e6dfd
(Junior / Senior) Software Engineer - Sports Analytics,Zelus Analytics,"Remote in Austin, TX",https://www.indeed.com/viewjob?jk=9dc51260e2b82372
Web Developer,Academy of Art University,Remote,https://www.indeed.com/viewjob?jk=695ea928882b5677
Software Engineer - Backend,Gridwise,Remote,https://www.indeed.com/viewjob?jk=81cc6b844161bf4b
"Middle/Senior QA Engineer (Europe, Remote)",INTEL 471,Remote,https://www.indeed.com/viewjob?jk=03c9925549fbf6b8
Senior Python Developer,Six Feet Up Inc.,"Fishers, IN+1 location",https://www.indeed.com/viewjob?jk=d415983f29b3d543
"Associate, YouTube",YouTube,"New York, NY",https://www.indeed.com/viewjob?jk=a19d5d6e71bffeee
Python Developer,Sofmen,"Saratoga, CA 95070",https://www.indeed.com/viewjob?jk=0b4f734af7890726
Swaps Strategist,Morgan Stanley,"New York, NY",https://www.indeed.com/viewjob?jk=0b5a1f0c2c8f08f8
Python Developer,Paktolus,Remote,https://www.indeed.com/viewjob?jk=df1cce3cc988f374
Trader,SeatGeek,+1 locationRemote,https://www.indeed.com/viewjob?jk=cf4d43a8750a6310
Sports Columnist,Hearst Media Services,"San Francisco, CA 94103 (South Of Market area)",https://www.indeed.com/viewjob?jk=d5f328321761420d
Entry Level Python Developer,Marlabs,United States,https://www.indeed.com/viewjob?jk=940a07be6516c1d8
Software Developer- Python,PNC Financial Services Group,"Remote in Pittsburgh, PA 15222+9 locations",https://www.indeed.com/viewjob?jk=2c1d77a35e4eba4d
Python Developer,Aquatic Capital Management,"Remote in Chicago, IL",https://www.indeed.com/viewjob?jk=5bdb3c2265c60c4a
Analyst-Baseball Research and Development,Colorado Rockies,"Denver, CO",https://www.indeed.com/viewjob?jk=f2072bf1e55cadfe
Python Developer,Fults & Associates,"Grapevine, TX",https://www.indeed.com/viewjob?jk=724d43dd753723a7
SDM III - REMOTE,"Fabric.com, Inc.",+1 locationRemote,https://www.indeed.com/viewjob?jk=7771d20cbd5b1f08
Support Opportunities,RStudio,"Remote in Seattle, WA",https://www.indeed.com/viewjob?jk=2c26339484d5141f
Quality Assurance Tester,Involve.ai,Remote,https://www.indeed.com/viewjob?jk=fb97ddfbcca3ef58
DevOps,Zest AI,Remote,https://www.indeed.com/viewjob?jk=f3d741728cda6078
Data Analytics Fellow,United States Olympic & Paralympic Committee,"Remote in Colorado Springs, CO",https://www.indeed.com/viewjob?jk=98a81fca689f9fb6
Production Technology Developer,"Employment Opportunities at BuzzFeed, Inc.","Remote in Los Angeles, CA",https://www.indeed.com/viewjob?jk=c606402babda484a
Data Engineer (AWS & Python),Denken Solutions Inc,"Remote in New York, NY+1 location",https://www.indeed.com/viewjob?jk=e6e0f5499a72ec6d
Junior AI/Data Scientist,ViQi,"Remote in Santa Barbara, CA",https://www.indeed.com/viewjob?jk=66a74419258ae64b
Data Engineer,PollyEx,Remote,https://www.indeed.com/viewjob?jk=d26a6831a29a56f8
Professional Services Consultant - 2022,Amazon.com Services LLC,"Seattle, WA",https://www.indeed.com/viewjob?jk=9268afdfacac04ef
Full Stack Developer,McGaw.io,Remote,https://www.indeed.com/viewjob?jk=26c96fdf28f36f52
Python Agent Engineer - Remote,New Relic,"Remote in Boston, MA 02108+20 locations",https://www.indeed.com/viewjob?jk=c34b2f54b2d73ca9
Booking Holdings Romania - Application Security Engineer,Humanity,United States,https://www.indeed.com/viewjob?jk=16514abfb8c57901
Compliance Specialist - Apple Arcade,Apple,"Cupertino, CA",https://www.indeed.com/viewjob?jk=ee7d0358f2e9b6f3
Python Developer,Go8IT,"Plainsboro, NJ",https://www.indeed.com/viewjob?jk=4eae88512efd4347
Staff Engineer - Marketing and AdTech (Open to US - Remote),Shipt,"Remote in Birmingham, AL 35203+5 locations",https://www.indeed.com/viewjob?jk=8b8dcc8cde419c5e
SPG Research- Analyst,"JPMorgan Chase Bank, N.A.","New York, NY",https://www.indeed.com/viewjob?jk=04b778770a4cb696
Python Developer [Remote],Braintrust,"Remote in San Francisco, CA",https://www.indeed.com/viewjob?jk=cc424505f92ecdb7
Junior Penetration Tester USA Remote,BreachLock,Remote in Florida,https://www.indeed.com/viewjob?jk=1256f1d0f5d5af0c
Junior Automation Engineer (remote) Job,Acuity Brands,"Remote in Conyers, GA 30012",https://www.indeed.com/viewjob?jk=ef3c51eff54a8ef7
Data Analyst,Roles at YipitData,"Remote in New York, NY",https://www.indeed.com/viewjob?jk=4b1f8da70e75f05f
Data Analytics Engineer,Noodle,"Remote in New York, NY 10003",https://www.indeed.com/viewjob?jk=6e13bb1f2efaf857
Python Framework Developer,LOCKHEED MARTIN CORPORATION,"Sunnyvale, CA 94089 (Lakewood area)",https://www.indeed.com/viewjob?jk=62e74fac0ee8221a
"Senior Backend Engineer, Model Training",Labelbox,+2 locationsRemote,https://www.indeed.com/viewjob?jk=37ae129341dfc1ec
"Software Dev Engineer - Test, Tablet Product Software",Amazon.com Services LLC,+126 locationsRemote,https://www.indeed.com/viewjob?jk=26a3a22c4cfeb138
"Data Engineer - REMOTE, WFH",Piper Companies,+8 locationsRemote,https://www.indeed.com/viewjob?jk=0e2eb7cfde119546
Senior Python Developer,Ollanna,"San Francisco, CA",https://www.indeed.com/viewjob?jk=afd26d98ba52ad14
Marketing BI Analyst,Leslie's,"Phoenix, AZ 85016 (Camelback East area)",https://www.indeed.com/viewjob?jk=95719246f6de984b
Data Analyst,InDebted,Remote in United States,https://www.indeed.com/viewjob?jk=2610cdacf565227b
Ontologist - 2022 (United States),Amazon.com Services LLC,"Santa Barbara, CA",https://www.indeed.com/viewjob?jk=d8399ae53ec7ea07
Junior Developer,Atlantic Bay Mortgage Group,Remote,https://www.indeed.com/viewjob?jk=03b192cb190ce39c
Junior-Mid Software Developer,Aeries Software,Remote in United States,https://www.indeed.com/viewjob?jk=44c9be14a1cc0f31
Python/JS Full Stack Engineer,"JPMorgan Chase Bank, N.A.","Columbus, OH+57 locations",https://www.indeed.com/viewjob?jk=56176f4bfca52b6c
Python (Django/Flask) Developer,Trood,"New York, NY 10272 (Financial District area)+1 location",https://www.indeed.com/viewjob?jk=a5fe3ba2a2ecdbe2
Data Scientist (Remote),Yelp,Remote,https://www.indeed.com/viewjob?jk=0072004f2d3180a4
Sr Software Engineer (Python),Piper Companies,+3 locationsRemote,https://www.indeed.com/viewjob?jk=e2d7983a60dfcd97
Sr. Cell Testing Engineer,Panasonic Energy of North America,"Sparks, NV 89437",https://www.indeed.com/viewjob?jk=15db14e475723eaf
